[
	{
		"id": 1,
		"title": "Imagine",
		"artist": "John Lennon",
		"album": "Imagine",
		"year": 1971,
		"genre": "Rock"
	},
	{
		"id": 2,
		"title": "Bohemian Rhapsody",
		"artist": "Queen",
		"album": "A Night at the Opera",
		"year": 1975,
		"genre": "Rock"
	},
	{
		"id": 3,
		"title": "Hotel California",
		"artist": "Eagles",
		"album": "Hotel California",
		"year": 1976,
		"genre": "Rock"
	},
	{
		"id": 4,
		"title": "Stairway to Heaven",
		"artist": "Led Zeppelin",
		"album": "Led Zeppelin IV",
		"year": 1971,
		"genre": "Rock"
	},
	{
		"id": 5,
		"title": "Like a Rolling Stone",
		"artist": "Bob Dylan",
		"album": "Highway 61 Revisited",
		"year": 1965,
		"genre": "Rock"
	},
	{
		"id": 6,
		"title": "вфывыфвыф",
		"artist": "вфывф",
		"album": "вфвфыв",
		"year": 1,
		"genre": "вфывфы"
	}
]
